CloudletID,VMID,Type,PredictedTime,ActualTime,Error,Threshold
0,0,CPU,4.32,43.21,0.9000,0.01000
1,2,CPU,4.71,58.87,0.9200,0.01000
2,0,CPU,2.57,25.65,0.9000,0.01000
4,2,CPU,1.89,23.68,0.9200,0.01000
3,0,CPU,4.56,45.63,0.9000,0.01000
6,2,CPU,4.12,51.53,0.9200,0.01000
5,0,CPU,2.42,24.24,0.9000,0.01000
10,2,CPU,3.63,45.42,0.9200,0.01000
7,0,CPU,4.18,41.84,0.9000,0.01000
11,2,CPU,0.95,11.87,0.9200,0.01000
15,2,CPU,0.27,3.36,0.9200,0.01000
8,0,CPU,4.73,47.34,0.9000,0.01000
16,2,CPU,3.10,38.76,0.9200,0.01000
17,2,CPU,1.85,23.10,0.9200,0.01000
9,0,CPU,3.36,33.62,0.9000,0.01000
18,2,CPU,1.42,17.81,0.9200,0.01000
19,2,CPU,0.82,10.25,0.9200,0.01000
12,0,CPU,4.71,47.12,0.9000,0.01000
20,2,CPU,2.19,27.40,0.9200,0.01000
22,2,CPU,0.01,0.17,0.9200,0.01000
24,2,CPU,0.49,6.15,0.9200,0.01000
25,2,CPU,0.31,3.86,0.9200,0.01000
13,0,CPU,2.07,20.66,0.9000,0.01000
14,0,CPU,2.27,22.67,0.9000,0.01000
26,2,CPU,4.36,54.50,0.9200,0.01000
27,2,CPU,0.46,5.78,0.9200,0.01000
21,0,CPU,3.39,33.88,0.9000,0.01000
28,2,CPU,2.09,26.07,0.9200,0.01000
23,0,CPU,3.31,33.09,0.9000,0.01000
29,2,CPU,3.10,38.73,0.9200,0.01000
30,0,CPU,3.31,33.12,0.9000,0.01000
31,2,CPU,2.24,27.96,0.9200,0.01000
34,0,CPU,3.92,39.15,0.9000,0.01000
35,0,CPU,0.02,0.24,0.9000,0.01000
41,0,CPU,0.19,1.91,0.9000,0.01000
48,0,CPU,1.97,19.69,0.9000,0.01000
52,0,CPU,1.86,18.57,0.9000,0.01000
32,2,CPU,4.77,59.68,0.9200,0.01000
33,2,CPU,2.27,28.40,0.9200,0.01000
53,0,CPU,4.01,40.15,0.9000,0.01000
55,0,CPU,3.23,32.27,0.9000,0.01000
36,2,CPU,3.51,43.86,0.9200,0.01000
37,2,CPU,2.17,27.18,0.9200,0.01000
38,2,CPU,0.06,0.75,0.9200,0.01000
56,0,CPU,3.14,31.37,0.9000,0.01000
59,0,CPU,2.63,26.26,0.9000,0.01000
39,2,CPU,2.74,34.20,0.9200,0.01000
63,0,CPU,3.97,39.69,0.9000,0.01000
40,2,CPU,4.43,55.41,0.9200,0.01000
42,2,CPU,0.60,7.50,0.9200,0.01000
43,2,CPU,0.30,3.72,0.9200,0.01000
68,0,CPU,4.02,40.18,0.9000,0.01000
44,2,CPU,2.31,28.90,0.9200,0.01000
69,0,CPU,3.79,37.92,0.9000,0.01000
45,2,CPU,2.75,34.38,0.9200,0.01000
72,0,CPU,2.28,22.77,0.9000,0.01000
46,2,CPU,1.28,15.97,0.9200,0.01000
73,0,CPU,2.60,25.96,0.9000,0.01000
77,0,CPU,2.43,24.29,0.9000,0.01000
78,0,CPU,0.32,3.20,0.9000,0.01000
47,2,CPU,4.19,52.44,0.9200,0.01000
49,2,CPU,0.47,5.90,0.9200,0.01000
50,2,CPU,0.17,2.15,0.9200,0.01000
81,0,CPU,3.20,31.97,0.9000,0.01000
82,0,CPU,2.07,20.70,0.9000,0.01000
83,0,CPU,0.86,8.57,0.9000,0.01000
51,2,CPU,4.02,50.28,0.9200,0.01000
87,0,CPU,4.67,46.70,0.9000,0.01000
89,0,CPU,1.54,15.37,0.9000,0.01000
54,2,CPU,4.75,59.42,0.9200,0.01000
99,0,CPU,2.80,27.97,0.9000,0.01000
100,0,CPU,1.58,15.77,0.9000,0.01000
104,0,CPU,0.03,0.31,0.9000,0.01000
57,2,CPU,3.46,43.27,0.9200,0.01000
58,2,CPU,0.21,2.64,0.9200,0.01000
60,2,CPU,2.03,25.42,0.9200,0.01000
110,0,CPU,4.43,44.31,0.9000,0.01000
61,2,CPU,4.06,50.76,0.9200,0.01000
111,0,CPU,4.42,44.19,0.9000,0.01000
62,2,CPU,0.87,10.84,0.9200,0.01000
113,0,CPU,3.91,39.14,0.9000,0.01000
64,2,CPU,3.04,38.06,0.9200,0.01000
65,2,CPU,1.02,12.79,0.9200,0.01000
115,0,CPU,2.83,28.33,0.9000,0.01000
123,0,CPU,0.12,1.22,0.9000,0.01000
66,2,CPU,2.42,30.26,0.9200,0.01000
124,0,CPU,3.70,37.01,0.9000,0.01000
125,0,CPU,0.46,4.57,0.9000,0.01000
67,2,CPU,1.81,22.64,0.9200,0.01000
139,0,CPU,2.95,29.53,0.9000,0.01000
70,2,CPU,3.92,49.01,0.9200,0.01000
140,0,CPU,2.27,22.69,0.9000,0.01000
142,0,CPU,4.06,40.57,0.9000,0.01000
71,2,CPU,3.97,49.68,0.9200,0.01000
143,0,CPU,4.01,40.10,0.9000,0.01000
74,2,CPU,4.47,55.87,0.9200,0.01000
145,0,CPU,3.92,39.15,0.9000,0.01000
148,0,CPU,1.88,18.77,0.9000,0.01000
75,2,CPU,4.56,57.01,0.9200,0.01000
153,0,CPU,2.16,21.55,0.9000,0.01000
156,0,CPU,2.35,23.53,0.9000,0.01000
76,2,CPU,4.57,57.12,0.9200,0.01000
157,0,CPU,4.71,47.06,0.9000,0.01000
79,2,CPU,1.55,19.37,0.9200,0.01000
158,0,CPU,0.67,6.74,0.9000,0.01000
163,0,CPU,4.08,40.75,0.9000,0.01000
80,2,CPU,4.06,50.80,0.9200,0.01000
170,0,CPU,4.05,40.48,0.9000,0.01000
176,0,CPU,0.42,4.24,0.9000,0.01000
84,2,CPU,3.95,49.36,0.9200,0.01000
85,2,CPU,0.40,5.01,0.9200,0.01000
180,0,CPU,3.51,35.08,0.9000,0.01000
181,0,CPU,0.29,2.93,0.9000,0.01000
182,0,CPU,1.10,11.00,0.9000,0.01000
183,0,CPU,0.33,3.35,0.9000,0.01000
86,2,CPU,3.41,42.63,0.9200,0.01000
190,0,CPU,1.93,19.27,0.9000,0.01000
88,2,CPU,2.94,36.78,0.9200,0.01000
191,0,CPU,2.84,28.40,0.9000,0.01000
90,2,CPU,3.05,38.12,0.9200,0.01000
91,2,CPU,0.31,3.86,0.9200,0.01000
92,2,CPU,0.18,2.20,0.9200,0.01000
192,0,CPU,4.64,46.43,0.9000,0.01000
194,0,CPU,3.72,37.19,0.9000,0.01000
93,2,CPU,3.68,45.96,0.9200,0.01000
94,2,CPU,0.33,4.07,0.9200,0.01000
95,2,CPU,0.03,0.35,0.9200,0.01000
195,0,CPU,4.09,40.87,0.9000,0.01000
96,2,CPU,3.16,39.48,0.9200,0.01000
197,0,CPU,4.34,43.36,0.9000,0.01000
97,2,CPU,3.78,47.19,0.9200,0.01000
198,0,CPU,3.46,34.64,0.9000,0.01000
98,2,CPU,3.88,48.48,0.9200,0.01000
101,2,CPU,0.15,1.87,0.9200,0.01000
203,0,CPU,3.43,34.25,0.9000,0.01000
206,0,CPU,3.10,30.96,0.9000,0.01000
213,0,CPU,0.74,7.36,0.9000,0.01000
102,2,CPU,4.35,54.31,0.9200,0.01000
214,0,CPU,2.44,24.43,0.9000,0.01000
219,0,CPU,1.99,19.87,0.9000,0.01000
221,0,CPU,2.10,21.03,0.9000,0.01000
103,2,CPU,4.97,62.17,0.9200,0.01000
105,2,CPU,2.87,35.91,0.9200,0.01000
223,0,CPU,4.23,42.29,0.9000,0.01000
224,0,CPU,2.74,27.42,0.9000,0.01000
226,0,CPU,1.75,17.54,0.9000,0.01000
106,2,CPU,4.34,54.25,0.9200,0.01000
107,2,CPU,0.40,5.02,0.9200,0.01000
228,0,CPU,3.69,36.90,0.9000,0.01000
108,2,CPU,4.86,60.71,0.9200,0.01000
230,0,CPU,4.16,41.63,0.9000,0.01000
109,2,CPU,2.13,26.67,0.9200,0.01000
231,0,CPU,4.79,47.92,0.9000,0.01000
112,2,CPU,4.59,57.34,0.9200,0.01000
114,2,CPU,0.14,1.73,0.9200,0.01000
235,0,CPU,4.25,42.53,0.9000,0.01000
116,2,CPU,2.28,28.45,0.9200,0.01000
238,0,CPU,2.01,20.12,0.9000,0.01000
117,2,CPU,2.56,31.95,0.9200,0.01000
241,0,CPU,3.91,39.08,0.9000,0.01000
118,2,CPU,1.58,19.69,0.9200,0.01000
247,0,CPU,3.25,32.53,0.9000,0.01000
251,0,CPU,2.42,24.17,0.9000,0.01000
119,2,CPU,4.16,52.06,0.9200,0.01000
120,2,CPU,1.65,20.59,0.9200,0.01000
253,0,CPU,3.08,30.81,0.9000,0.01000
254,0,CPU,2.89,28.86,0.9000,0.01000
121,2,CPU,4.38,54.69,0.9200,0.01000
257,0,CPU,4.56,45.62,0.9000,0.01000
122,2,CPU,2.68,33.46,0.9200,0.01000
126,2,CPU,0.70,8.77,0.9200,0.01000
127,2,CPU,0.99,12.41,0.9200,0.01000
261,0,CPU,3.60,35.96,0.9000,0.01000
128,2,CPU,1.67,20.90,0.9200,0.01000
129,2,CPU,0.20,2.46,0.9200,0.01000
264,0,CPU,4.98,49.78,0.9000,0.01000
130,2,CPU,2.91,36.43,0.9200,0.01000
131,2,CPU,2.52,31.47,0.9200,0.01000
267,0,CPU,4.79,47.86,0.9000,0.01000
132,2,CPU,3.57,44.67,0.9200,0.01000
133,2,CPU,1.00,12.52,0.9200,0.01000
269,0,CPU,4.96,49.55,0.9000,0.01000
272,0,CPU,0.16,1.60,0.9000,0.01000
134,2,CPU,0.68,8.45,0.9200,0.01000
273,0,CPU,3.89,38.88,0.9000,0.01000
135,2,CPU,3.52,44.01,0.9200,0.01000
136,2,CPU,0.24,3.04,0.9200,0.01000
275,0,CPU,4.95,49.49,0.9000,0.01000
137,2,CPU,3.60,44.97,0.9200,0.01000
278,0,CPU,1.02,10.18,0.9000,0.01000
138,2,CPU,0.92,11.48,0.9200,0.01000
141,2,CPU,0.13,1.67,0.9200,0.01000
144,2,CPU,2.62,32.69,0.9200,0.01000
279,0,CPU,4.56,45.65,0.9000,0.01000
146,2,CPU,0.32,3.97,0.9200,0.01000
147,2,CPU,1.90,23.75,0.9200,0.01000
284,0,CPU,4.89,48.87,0.9000,0.01000
149,2,CPU,2.42,30.28,0.9200,0.01000
285,0,CPU,4.86,48.59,0.9000,0.01000
150,2,CPU,4.47,55.87,0.9200,0.01000
286,0,CPU,4.35,43.53,0.9000,0.01000
287,0,CPU,0.22,2.24,0.9000,0.01000
151,2,CPU,2.57,32.10,0.9200,0.01000
294,0,CPU,1.87,18.67,0.9000,0.01000
152,2,CPU,3.94,49.22,0.9200,0.01000
154,2,CPU,4.92,61.56,0.9200,0.01000
155,2,CPU,0.11,1.40,0.9200,0.01000
159,2,CPU,1.00,12.47,0.9200,0.01000
160,2,CPU,1.34,16.81,0.9200,0.01000
161,2,CPU,3.56,44.49,0.9200,0.01000
162,2,CPU,1.82,22.72,0.9200,0.01000
164,2,CPU,1.44,18.01,0.9200,0.01000
165,2,CPU,3.74,46.79,0.9200,0.01000
166,2,CPU,1.63,20.34,0.9200,0.01000
167,2,CPU,4.53,56.65,0.9200,0.01000
168,2,CPU,0.57,7.15,0.9200,0.01000
169,2,CPU,2.90,36.30,0.9200,0.01000
171,2,CPU,2.07,25.90,0.9200,0.01000
172,2,CPU,0.62,7.73,0.9200,0.01000
173,2,CPU,2.20,27.50,0.9200,0.01000
174,2,CPU,3.07,38.38,0.9200,0.01000
175,2,CPU,3.05,38.10,0.9200,0.01000
177,2,CPU,2.99,37.32,0.9200,0.01000
178,2,CPU,0.79,9.88,0.9200,0.01000
179,2,CPU,0.72,9.06,0.9200,0.01000
184,2,CPU,1.12,13.97,0.9200,0.01000
185,2,CPU,1.48,18.52,0.9200,0.01000
186,2,CPU,3.85,48.09,0.9200,0.01000
187,2,CPU,1.01,12.60,0.9200,0.01000
188,2,CPU,1.94,24.27,0.9200,0.01000
189,2,CPU,0.76,9.54,0.9200,0.01000
193,2,CPU,1.00,12.55,0.9200,0.01000
196,2,CPU,3.51,43.90,0.9200,0.01000
199,2,CPU,0.97,12.17,0.9200,0.01000
200,2,CPU,1.48,18.44,0.9200,0.01000
201,2,CPU,1.22,15.30,0.9200,0.01000
202,2,CPU,2.36,29.48,0.9200,0.01000
204,2,CPU,1.13,14.09,0.9200,0.01000
205,2,CPU,3.52,43.96,0.9200,0.01000
207,2,CPU,1.21,15.12,0.9200,0.01000
208,2,CPU,1.67,20.90,0.9200,0.01000
209,2,CPU,1.14,14.28,0.9200,0.01000
210,2,CPU,4.84,60.44,0.9200,0.01000
211,2,CPU,4.43,55.34,0.9200,0.01000
212,2,CPU,1.66,20.74,0.9200,0.01000
215,2,CPU,4.26,53.28,0.9200,0.01000
216,2,CPU,3.80,47.46,0.9200,0.01000
217,2,CPU,1.80,22.52,0.9200,0.01000
218,2,CPU,1.54,19.24,0.9200,0.01000
220,2,CPU,3.34,41.69,0.9200,0.01000
222,2,CPU,2.99,37.33,0.9200,0.01000
225,2,CPU,4.96,62.01,0.9200,0.01000
227,2,CPU,0.08,0.98,0.9200,0.01000
229,2,CPU,3.72,46.55,0.9200,0.01000
232,2,CPU,0.37,4.63,0.9200,0.01000
233,2,CPU,2.05,25.59,0.9200,0.01000
234,2,CPU,1.12,13.99,0.9200,0.01000
236,2,CPU,2.56,32.06,0.9200,0.01000
237,2,CPU,3.95,49.38,0.9200,0.01000
239,2,CPU,1.21,15.16,0.9200,0.01000
240,2,CPU,0.72,9.00,0.9200,0.01000
242,2,CPU,4.66,58.25,0.9200,0.01000
243,2,CPU,1.67,20.93,0.9200,0.01000
244,2,CPU,3.39,42.37,0.9200,0.01000
245,2,CPU,3.84,48.03,0.9200,0.01000
246,2,CPU,0.44,5.51,0.9200,0.01000
248,2,CPU,1.87,23.40,0.9200,0.01000
249,2,CPU,1.00,12.55,0.9200,0.01000
250,2,CPU,1.32,16.46,0.9200,0.01000
252,2,CPU,0.48,6.00,0.9200,0.01000
255,2,CPU,4.54,56.71,0.9200,0.01000
256,2,CPU,3.53,44.18,0.9200,0.01000
258,2,CPU,2.40,30.03,0.9200,0.01000
259,2,CPU,0.43,5.36,0.9200,0.01000
260,2,CPU,0.44,5.53,0.9200,0.01000
262,2,CPU,1.43,17.91,0.9200,0.01000
263,2,CPU,3.49,43.62,0.9200,0.01000
265,2,CPU,3.18,39.70,0.9200,0.01000
266,2,CPU,0.75,9.33,0.9200,0.01000
268,2,CPU,2.96,37.03,0.9200,0.01000
270,2,CPU,1.97,24.67,0.9200,0.01000
271,2,CPU,0.23,2.91,0.9200,0.01000
274,2,CPU,0.24,2.98,0.9200,0.01000
276,2,CPU,1.67,20.87,0.9200,0.01000
277,2,CPU,1.16,14.50,0.9200,0.01000
280,2,CPU,2.22,27.70,0.9200,0.01000
281,2,CPU,1.83,22.89,0.9200,0.01000
282,2,CPU,1.06,13.25,0.9200,0.01000
283,2,CPU,2.45,30.64,0.9200,0.01000
288,2,CPU,0.64,7.97,0.9200,0.01000
289,2,CPU,1.57,19.61,0.9200,0.01000
290,2,CPU,3.84,47.97,0.9200,0.01000
291,2,CPU,1.28,15.96,0.9200,0.01000
292,2,CPU,0.31,3.93,0.9200,0.01000
293,2,CPU,3.13,39.09,0.9200,0.01000
295,2,CPU,0.56,7.01,0.9200,0.01000
296,2,CPU,2.16,26.97,0.9200,0.01000
297,2,CPU,2.32,29.02,0.9200,0.01000
298,2,CPU,1.29,16.13,0.9200,0.01000
299,2,CPU,4.17,52.08,0.9200,0.01000
